{
  "lang":"xx",
  "name":"pipeline",
  "version":"0.0.0",
  "spacy_version":">=3.8.14,<3.9.0",
  "description":"",
  "author":"",
  "email":"",
  "url":"",
  "license":"",
  "spacy_git_version":"0069cf9",
  "vectors":{
    "width":0,
    "vectors":0,
    "keys":0,
    "name":null,
    "mode":"default"
  },
  "labels":{
    "transformer":[

    ],
    "ner":[
      "COUNTRY",
      "CURRENCY",
      "DAY",
      "EQUIPMENT",
      "EVENT",
      "LOC",
      "MISC",
      "MONTH",
      "ORG",
      "PER",
      "POLITICAL_PARTY",
      "POLITICAL_PARY",
      "POSITION",
      "RELIGION",
      "SEASON",
      "SPORT"
    ]
  },
  "pipeline":[
    "transformer",
    "ner"
  ],
  "components":[
    "transformer",
    "ner"
  ],
  "disabled":[

  ],
  "performance":{
    "ents_f":0.8816027645,
    "ents_p":0.9069594217,
    "ents_r":0.8576253822,
    "ents_per_type":{
      "POSITION":{
        "p":0.6443474042,
        "r":0.6094538779,
        "f":0.6264150943
      },
      "ORG":{
        "p":0.8550270578,
        "r":0.7488151659,
        "f":0.7984042553
      },
      "MISC":{
        "p":0.9022061245,
        "r":0.8089754945,
        "f":0.8530510585
      },
      "MONTH":{
        "p":0.0,
        "r":0.0,
        "f":0.0
      },
      "EVENT":{
        "p":0.0,
        "r":0.0,
        "f":0.0
      },
      "PER":{
        "p":0.9081486264,
        "r":0.8882379766,
        "f":0.8980829594
      },
      "LOC":{
        "p":0.9547630076,
        "r":0.8648951049,
        "f":0.9076098921
      },
      "EQUIPMENT":{
        "p":0.0,
        "r":0.0,
        "f":0.0
      },
      "COUNTRY":{
        "p":0.9723059096,
        "r":0.9195616438,
        "f":0.9451985356
      },
      "SPORT":{
        "p":0.8665779404,
        "r":0.9476077861,
        "f":0.9052832812
      },
      "POLITICAL_PARTY":{
        "p":0.0,
        "r":0.0,
        "f":0.0
      },
      "CURRENCY":{
        "p":0.9610231425,
        "r":0.8905191874,
        "f":0.9244288225
      },
      "DAY":{
        "p":0.9531981279,
        "r":0.9776,
        "f":0.9652448657
      },
      "RELIGION":{
        "p":0.0,
        "r":0.0,
        "f":0.0
      },
      "SEASON":{
        "p":0.0,
        "r":0.0,
        "f":0.0
      },
      "POLITICAL_PARY":{
        "p":0.0,
        "r":0.0,
        "f":0.0
      }
    },
    "transformer_loss":237.4463579606,
    "ner_loss":1952.3580322266
  }
}